LANGUAGE,Chinese
,
COMMENT,日期和时间
STR_SUNDAY,周日
STR_MONDAY,周一
STR_TUESDAY,周二
STR_WEDNESDAY,周三
STR_THURSDAY,周四
STR_FRIDAY,周五
STR_SATURDAY,周六
,
STR_JANUARY,一月
STR_FEBRUARY,二月
STR_MARCH,三月
STR_APRIL,四月
STR_MAY,五月
STR_JUNE,六月
STR_JULY,七月
STR_AUGUST,八月
STR_SEPTEMBER,九月
STR_OCTOBER,十月
STR_NOVEMBER,十一月
STR_DECEMBER,十二月
,
STR_DATE_FORMAT,"%a, %b %d"
STR_DATE_FORMAT_SHORT,%b %d
STR_TIME_FORMAT,% 2d:%02d
STR_MAP_INFO_OLD,Info age: % 2d:%02d
,
STR_RESOLUTION_FORMAT,%d x %d x %d
STR_REFRESH_RATE_FORMAT,%d Hz
STR_WINDOWED,窗口化
,
COMMENT,阵营
STR_WEST,West
STR_EAST,East
STR_GUERRILA,抵抗
STR_CIVILIAN,平民
STR_LOGIC,游戏逻辑
STR_EMPTY,空
STR_NOBODY,无人
,
COMMENT,军衔
STR_PRIVATE,列兵
STR_CORPORAL,下士
STR_SERGEANT,中士
STR_LIEUTNANT,中尉
STR_CAPTAIN,上尉
STR_MAJOR,少校
STR_COLONEL,上校
STR_GENERAL,将军
,
STR_SHORT_PRIVATE,列兵
STR_SHORT_CORPORAL,下士
STR_SHORT_SERGEANT,中士
STR_SHORT_LIEUTNANT,中尉
STR_SHORT_CAPTAIN,上尉
STR_SHORT_MAJOR,少校
STR_SHORT_COLONEL,上校
STR_SHORT_GENERAL,将军
,
COMMENT,战斗模式和队形
STR_IGNORE,从不射击
STR_BYPASS,禁止射击
STR_WHITE,禁止射击，自由交战
STR_CONTACT,允许射击
STR_ENGAGE,允许射击，自由交战
STR_OPEN_FIRE,允许射击
STR_HOLD_FIRE,禁止射击
STR_STEALTH,潜行
STR_COMBAT,危险
STR_AWARE,警戒
STR_SAFE,安全
STR_COMBAT_MODE,交战模式
STR_POS_UP,站立
STR_POS_DOWN,趴下
STR_POS_AUTO,保持低姿态
,
STR_COLUMN,纵队
STR_STAGGERED,交错纵队
STR_WEDGE,楔形
STR_ECHL,左梯队
STR_ECHR,右梯队
STR_VEE,V队形
STR_LINE,横队
STR_DISENGAGE,停止交战
STR_ENGAGE_AT_WILL,自由交战
STR_ENGAGE_NOW,交战
,
COMMENT,命令状态
STR_STATE_NOCOMMAND,无
STR_STATE_WAIT,就绪
STR_STATE_ATTACK,交战
STR_STATE_HIDE,隐蔽
STR_STATE_MOVE,移动
STR_STATE_HEAL,医疗
STR_STATE_REPAIR,维修
STR_STATE_REFUEL,加油
STR_STATE_REARM,装弹
STR_STATE_SUPPORT,补给
STR_STATE_JOIN,跟随
STR_STATE_GETIN,登车
STR_STATE_FIRE,射击
STR_STATE_GETOUT,下车
STR_STATE_STOP,停止
STR_STATE_EXPECT,等待
STR_STATE_ACTION,行动
,
,
COMMENT,命令
,
STR_NOCOMMAND,无
STR_WAIT,等待
STR_ATTACK,交战
STR_HIDE,寻找掩护
STR_MOVE,移动
STR_HEAL,医疗
STR_REPAIR,维修
STR_REFUEL,加油
STR_REARM,装弹
STR_SUPPORT,补给
STR_JOIN,跟随
STR_GETIN,登车
STR_FIRE,射击
STR_GETOUT,下车
STR_STOP,停止
STR_EXPECT,等待
STR_ACTION,行动
,
STR_WATCH,交战
STR_WATCH_AROUND,观察四周
STR_WATCH_AUTO,无目标
STR_ADVANCE,前进
STR_STAY_BACK,后退
STR_FLANK_LEFT,向左侧翼移动
STR_FLANK_RIGHT,向右侧翼移动
STR_NEXT_WAYPOINT,下一个路点
,
STR_AWAY,远离
STR_FOLLOW_ME,回归队形
STR_CEASE_FIRE,停止射击
,
STR_LEADER,队长
,
STR_RADIO_CUSTOM,自定义
,
STR_RADIO,无线电
STR_RADIO_ALPHA,Alpha
STR_RADIO_BRAVO,Bravo
STR_RADIO_CHARLIE,Charlie
STR_RADIO_DELTA,Delta
STR_RADIO_ECHO,Echo
STR_RADIO_FOXTROT,Foxtrot
STR_RADIO_GOLF,Golf
STR_RADIO_HOTEL,Hotel
STR_RADIO_INDIA,India
STR_RADIO_JULIET,Juliet
,
COMMENT,InGameUI
STR_UI_HBAR,生命值
STR_UI_ABAR,装甲
STR_UI_FBAR,燃料
STR_UI_EBAR,军衔
,
STR_UI_CARGO_INF,装载士兵 %d
STR_UI_CARGO_FUEL,装载燃料 %.0f
STR_UI_CARGO_REPAIR,装载维修 %.0f
STR_UI_CARGO_AMMO,装载弹药 %.0f
STR_UI_SPEED,速度 %.0f
STR_UI_ALT,高度 %.0f
,
COMMENT,多人游戏统计
STR_MPTABLE_NAME,玩家
STR_MPTABLE_INFANTRY,士兵
STR_MPTABLE_SOFT,轻单位
STR_MPTABLE_ARMORED,装甲
STR_MPTABLE_AIR,飞行单位
STR_MPTABLE_PLAYERS,玩家
STR_MPTABLE_TOTAL,总计
STR_MPTABLE_KILLED,被击杀
,
COMMENT,行动
STR_NO_ACTION,无可用行动
STR_ACTION_GETIN_COMMANDER,Get in %s as 车长
STR_ACTION_GETIN_DRIVER,Get in %s as 驾驶员
STR_ACTION_GETIN_PILOT,Get in %s as 飞行员
STR_ACTION_GETIN_GUNNER,Get in %s as 炮手
STR_ACTION_GETIN_CARGO,Get in %s as 乘客
STR_ACTION_HEAL,在%s医疗
STR_ACTION_REPAIR,在%s维修
STR_ACTION_REFUEL,在%s加油
STR_ACTION_REARM,在%s装弹
STR_ACTION_GETOUT,离开
STR_ACTION_LIGHTON,开灯
STR_ACTION_LIGHTOFF,关灯
STR_ACTION_ENGINEON,发动引擎
STR_ACTION_ENGINEOFF,关闭引擎
STR_ACTION_WEAPON,%s
STR_ACTION_MAGAZINE,装填%s
STR_ACTION_TAKEWEAPON,拾取%s
STR_ACTION_DROPTAKEWEAPON,拾取%s（丢弃%s）
STR_ACTION_TAKEMAGAZINE,拾取%s
STR_ACTION_DROPTAKEMAGAZINE,拾取%s（丢弃%s）
STR_ACTION_TAKEFLAG,拾取旗帜
STR_ACTION_RETURNFLAG,归还旗帜
STR_ACTION_TURNIN,取消探头
STR_ACTION_TURNOUT,探出头
STR_ACTION_WEAPONINHAND,%s拿到手里
STR_ACTION_WEAPONONBACK,%s背到背上
STR_ACTION_SITDOWN,坐下
STR_ACTION_EJECT,跳车
STR_ACTION_LAND,自动驾驶 ON
STR_ACTION_CANCEL_LAND,自动驾驶 OFF
STR_ACTION_TO_DRIVER,切到驾驶位
STR_ACTION_TO_PILOT,切到驾驶位
STR_ACTION_TO_GUNNER,切到炮手位
STR_ACTION_TO_COMMANDER,切到车长位
STR_ACTION_TO_CARGO,切到乘客位
STR_ACTION_HIDE_BODY,隐藏尸体
STR_ACTION_TOUCH_OFF,引爆（%d）
STR_ACTION_START_TIMER,设置计时
STR_ACTION_SET_TIMER,计时+%.0f秒（倒计时%.0f秒）
STR_ACTION_DEACTIVATE,拆除炸药
,
STR_ACTION_TAKEOFF_GOGGLES,取下夜视仪
STR_ACTION_TAKEON_GOGGLES,戴上夜视仪
STR_ACTION_MANUAL_FIRE,手动射击 ON
STR_ACTION_MANUAL_FIRE_CANCEL,手动射击 OFF
STR_ACTION_HOVER,自动悬停 ON
STR_ACTION_HOVER_CANCEL,自动悬停 OFF
STR_ACTION_STROKEFIST,用拳头敲击
STR_ACTION_STROKEGUN,用枪托敲击
,
STR_ACTION_LADDERUP,爬上
STR_ACTION_LADDERDOWN,爬下
STR_ACTION_LADDERON,从梯子上跳下
STR_ACTION_LADDEROFF,跳下
,
STR_ACTION_FIRE_INFLAME,点燃篝火
STR_ACTION_FIRE_PUT_DOWN,扑灭篝火
STR_ACTION_GEAR_UP,收起起落架
STR_ACTION_GEAR_DOWN,放下起落架
STR_ACTION_FLAPS_UP,襟翼上升
STR_ACTION_FLAPS_DOWN,襟翼下降
,
STR_USRACT_MOVE_FORWARD,向前移动
STR_USRACT_MOVE_BACK,向后移动
STR_USRACT_TURN_LEFT,向左移动
STR_USRACT_TURN_RIGHT,向右移动
STR_USRACT_MOVE_UP,向上移动
STR_USRACT_MOVE_DOWN,向下移动
STR_USRACT_FAST_FORWARD,快速前进
STR_USRACT_SLOW_FORWARD,慢速前进
STR_USRACT_MOVE_LEFT,左转
STR_USRACT_MOVE_RIGHT,右转
STR_USRACT_TOGGLE_WEAPONS,切换武器
STR_USRACT_FIRE,射击
STR_USRACT_RELOAD_MAGAZINE,重装弹夹
STR_USRACT_LOCK_TARGETS,下一个目标
STR_USRACT_LOCK_TARGET,锁定目标
STR_USRACT_REVEAL_TARGET,发现目标
STR_USRACT_PREV_ACTION,前一个行动
STR_USRACT_NEXT_ACTION,下一个行动
STR_USRACT_ACTION,执行行动
STR_USRACT_HEADLIGHTS,前灯ON/OFF
STR_USRACT_NIGHT_VISION,夜视仪
STR_USRACT_BINOCULAR,望远镜
STR_USRACT_COMPASS,指南针
STR_USRACT_WATCH,手表
STR_USRACT_MAP,地图
STR_USRACT_HELP,上一个帮助信息
STR_USRACT_TIME_INC,时间加速
STR_USRACT_TIME_DEC,时间减速
STR_USRACT_OPTICS,瞄具
STR_USRACT_PERSON_VIEW,第一/第三人称视角
STR_USRACT_TACTICAL_VIEW,小队视角
STR_USRACT_ZOOM_IN,视野拉近
STR_USRACT_ZOOM_OUT,视野拉远
STR_USRACT_LOOK_ARROUND,观察四周
STR_USRACT_LOOK_ARROUND_TOGGLE,自由观察
STR_USRACT_LOOK_LEFT_DOWN,观察左下
STR_USRACT_LOOK_DOWN,观察下方
STR_USRACT_LOOK_RIGHT_DOWN,观察右下
STR_USRACT_LOOK_LEFT,观察左方
STR_USRACT_LOOK_CENTER,观察中央
STR_USRACT_LOOK_RIGHT,观察右方
STR_USRACT_LOOK_LEFT_UP,观察左上
STR_USRACT_LOOK_UP,观察上方
STR_USRACT_LOOK_RIGHT_UP,观察右上
STR_USRACT_PREV_CHANNEL,上一个频道
STR_USRACT_NEXT_CHANNEL,下一个频道
STR_USRACT_CHAT,聊天
STR_USRACT_VOICE_OVER_NET,联网语音
STR_USRACT_NETWORK_STATS,多人游戏统计
STR_USRACT_NETWORK_PLAYERS,玩家列表
STR_USRACT_SELECT_ALL,选择所有单位
STR_USRACT_TURBO,涡轮增压
,
STR_DIFF_ARMOR,额外装甲
STR_DIFF_FRIENDLY_TAG,友军标识
STR_DIFF_ENEMY_TAG,敌军标识
STR_DIFF_HUD,额外HUD信息
STR_DIFF_AUTO_SPOT,自动报告
STR_DIFF_MAP,额外地图信息
STR_DIFF_WEAPON_CURSOR,武器准星
STR_DIFF_AUTO_GUIDE_AT,自动制导AT
STR_DIFF_CLOCK_INDICATOR,时钟指示器
,
,
COMMENT,当前队形
STR_CURRENCY_NONE,无
STR_CURRENCY_LOT,无限制
STR_CURRENCY_BLANK,.
STR_CURRENCY_FORMAT,$%s
,
COMMENT,游戏缺省显示
STR_NEW_GAME,*** 新游戏 ***
STR_PLAY_WEST,扮演West
STR_PLAY_EAST,扮演East
STR_PLAY_GUERRILA,扮演抵抗
STR_ARCUNIT_TITLE2,插入单位
STR_ARCUNIT_TITLE4,编辑单位
STR_ARCWP_TITLE1,插入路点
STR_ARCWP_TITLE2,编辑路点
STR_ARCSENS_TITLE1,插入触发器
STR_ARCSENS_TITLE2,编辑触发器
STR_ARCMARK_TITLE1,插入图标
STR_ARCMARK_TITLE2,编辑图标
STR_ARCMARK_TYPE1,图标：
STR_ARCMARK_TYPE2,填充：
STR_MAIN_PLAYER,玩家：%s
STR_MAIN_RANK,%s Ian Gastovski
STR_MAIN_MISSION,任务：%s
STR_NONPLAYABLE,不可操纵角色
STR_PLAYER,玩家
STR_PLAYER_COMMANDER,玩家作为车长
STR_PLAYER_DRIVER,玩家作为驾驶员
STR_PLAYER_PILOT,玩家作为飞行员
STR_PLAYER_GUNNER,玩家作为炮手
STR_PLAYABLE,可操纵角色
STR_PLAYABLE_C,可操纵角色作为车长
STR_PLAYABLE_D,可操纵角色作为驾驶员
STR_PLAYABLE_P,可操纵角色作为飞行员
STR_PLAYABLE_G,可操纵角色作为炮手
STR_PLAYABLE_CD,"可操纵角色作为 车长, 驾驶员"
STR_PLAYABLE_CP,"可操纵角色作为 车长, 飞行员"
STR_PLAYABLE_CG,"可操纵角色作为 车长, 炮手"
STR_PLAYABLE_DG,"可操纵角色作为 驾驶员, 炮手"
STR_PLAYABLE_PG,"可操纵角色作为 飞行员, 炮手"
STR_PLAYABLE_CDG,"可操纵角色作为 车长, 驾驶员, 炮手"
STR_PLAYABLE_CPG,"可操纵角色作为 车长, 飞行员, 炮手"
STR_STAT_MISSION,任务统计：
STR_STAT_TOTAL,总统计：
STR_STAT_YOU,你被杀了%d次
STR_STAT_GRP,你的队伍损失了%d个单位
STR_TEMPL_MERGE,合并任务
STR_SOUND_NONE,无音效
STR_MUSIC_NONE,无音乐
STR_MUSIC_SILENCE,静默
STR_NO_CHANGE,无变化
STR_CAMPAIGN_NEW,新战役
STR_CAMPAIGN_MIS_TITLE,%s - %s - 任务统计
STR_SURE,你确定？
STR_HOUSE_POSITION,坐标 #%d
STR_SENSOR,触发器
STR_RADIO_UNASSIGNED,
STR_CAMPAIGN_START,开始战役
STR_CAMPAIGN_RETRY,重试任务
STR_CAMPAIGN_CONTINUE,继续
STR_MULTI_LAN,LAN
STR_MULTI_REMOTE,远端
STR_SESSION_NAME_FORMAT,%s 上的 %s
STR_PLAYER_AI,AI
STR_PLAYER_NONE,无人
STR_POSITION_COMMANDER, 车长
STR_POSITION_DRIVER, 驾驶员
STR_POSITION_PILOT, 飞行员
STR_POSITION_GUNNER, 炮手
STR_POSITION_LEADER,小队长
STR_DIFF_CADET,难度：新兵
STR_DIFF_VETERAN,难度：老兵
STR_EXPORT_NONE,用户任务目录
STR_EXPORT_SINGLE,导出到单人任务
STR_EXPORT_MULTI,导出到多人任务
STR_EXPORT_MAIL,通过邮箱发送
STR_VERSION_INFO,版本：%s
STR_EDITOR_EASY,基础的
STR_EDITOR_ADVANCED,进阶的
STR_EMPTY_SLOT,空
STR_NOT_ASSIGNED,<未指定>
STR_MPROLE_TITLE_WEST,设置West
STR_MPROLE_TITLE_EAST,设置East
STR_MPROLE_TITLE_RESIST,设置抵抗
STR_MPROLE_TITLE_CIVIL,设置平民
STR_MPROLE_ENABLE,启用
STR_MPROLE_DISABLE,禁用
STR_NEWUSER_TITLE1,新玩家
STR_NEWUSER_TITLE2,编辑玩家
STR_CONFIG_YNORMAL,Y轴常规
STR_CONFIG_YREVERSED,Y轴反向
STR_CONFIG_JOYSTICK_DISABLED,手柄禁用
STR_CONFIG_JOYSTICK_ENABLED,手柄启用
STR_OPT_SUBTITLES_DISABLED,子标题禁用
STR_OPT_SUBTITLES_ENABLED,子标题启用
STR_OPT_RADIO_DISABLED,无线电子标题禁用
STR_OPT_RADIO_ENABLED,无线电子标题启用
STR_SINGLE_PLAY,游玩
STR_SINGLE_RESUME,%d.%d.%d %d:%02d
STR_SINGLE_RESTART,重新开始
STR_CAMPAIGN_BEGIN,开始
STR_CAMPAIGN_RESTART,回退
STR_CAMPAIGN_RESUME,继续
STR_CAMPAIGN_LB_CONTINUE,%d.%d.%d %d:%02d
STR_VEHICLE_UNLOCKED,未上锁的
STR_VEHICLE_DEFAULT,默认的
STR_VEHICLE_LOCKED,上锁的
STR_ENABLED,启用的
STR_DISABLED,禁用的
STR_LEFT_BUTTON,左
STR_RIGHT_BUTTON,右
STR_SINGLE_VOICE,单个
STR_ALL_VOICES,全部
STR_NO_PASSWORD,无密码
STR_PASSWORD,密码：%s
STR_PLAYER_ID,玩家ID：%s
,
STR_CHANNEL_GLOBAL,全局频道
STR_CHANNEL_SIDE,阵营频道
STR_CHANNEL_GROUP,小队频道
STR_CHANNEL_VEHICLE,载具频道
STR_CHANNEL_DIRECT,直接说话
,
STR_COMMANDER,指挥官
STR_DRIVER,驾驶员
STR_PILOT,飞行员
STR_GUNNER,炮手
,
STR_MAP_NOTES,笔记
STR_MAP_PLAN,计划
STR_MAP_GEAR,装备
STR_MAP_GROUP,小队
STR_MAP_DNOTES,笔记
STR_MAP_DLOG,总结
,
STR_MISSION_COMPLETED,完毕
STR_MISSION_INCOMPLETED,任务未完成
STR_MISSION_FAILED,任务失败
STR_MISSION_KILLED,你死了
STR_UI_PRESSEND,按下END退出任务
STR_UI_PRESSENDRETRY,按下END重试任务
STR_LIVES_1,最后的机会！！！
STR_LIVES_3,还剩%d次机会！
STR_LIVES_MORE,%d次尝试
,
STR_MIS_STATE_INTERRUPTED,被打断的
STR_MIS_STATE_COMPLETED,完成的
STR_MIS_STATE_FAILED,失败的
STR_MIS_STATE_ERROR,错误
,
STR_OBJECTIVE_DONE,目标完成
STR_OBJECTIVE_UPDATED,任务计划更新
,
STR_MSG_SELECT_GAME,此处必须选择游戏！
STR_MSG_NAME_EMPTY,游戏名称不可为空！
STR_MSG_PLAYERNAME_EMPTY,玩家名称不可为空！
STR_MSG_PLAYER_EXIST,玩家已存在！
STR_MSG_NETWORK_FAIL,网络设备未找到！
STR_MSG_NO_PLAYER,未选择玩家！
STR_MSG_NO_PLAYERS,预期有2名玩家！
STR_MSG_ONE_SIDE,协作模式不可用！
STR_MSG_LOT_UNITS,一个小队只支持%d个单位！
STR_MSG_LOT_GROUPS,一个阵营只支持%d个小队！
STR_MSG_NO_VEH_SELECT,必须选择载具！
STR_MSG_MARKER_EMPTY,图标名称不可为空！
STR_MSG_MARKER_EXIST,有这个名称的图标已存在！
STR_MSG_SELECT_MISSION,选择一个战役、战斗或任务！
STR_MSG_VEH_NAME,非法的变量名！
STR_MSG_VEH_TEXT_USED,变量名已使用！
STR_MSG_LOAD_TEMPL_FAIL,读取任务失败！
STR_MSG_SAVE_TEMPL_FAIL,保存任务失败！
STR_MSG_TEMPL_READONLY,警告：文件是只读的！
STR_MSG_TEMPL_ACCESSDENIED,没有权限！是只读文件吗？
STR_MSG_MP_ASSIGN_PLAYERS,未指定玩家！
STR_MSG_MP_BAD_ADDRESS,无效IP地址！
STR_MSG_MP_W_ASSIGN,West车长未指定
STR_MSG_MP_E_ASSIGN,East车长未指定
STR_MSG_MP_R_ASSIGN,Res车长未指定
STR_MSG_MP_C_ASSIGN,Civ车长未指定
STR_MSG_MP_SERVER_ASSIGN,你必须是阵营车长！
STR_MSG_MP_PASSWORD,需要密码
STR_MSG_MP_VERSION,版本错误。服务器拒绝连接
STR_MSG_MP_CONNECT_ERROR,连接失败
,
,
COMMENT,
STR_EXP_MISSION_COMPLETED,任务完成。经验增加
STR_EXP_MISSION_FAILED,任务失败。经验减少
STR_EXP_COMMAND_COMPLETED,命令完成。经验增加
STR_EXP_COMMAND_FAILED,命令失败。经验减少
,
STR_EXP_ENEMY_DESTROYED,摧毁了 %s 敌军。经验增加
STR_EXP_FRIENDLY_DESTROYED,摧毁了 %s 友军。经验减少
STR_EXP_NEUTRAL_DESTROYED,摧毁了 %s 中立单位。经验减少
STR_EXP_UNKNOWN_DESTROYED,摧毁了 %s 未知单位。经验减少
,
STR_EXP_UNIT_LOST,%s 失陷. 经验减少
STR_EXP_FOLLOW_ME,你必须跟随你的队长。经验减少
,
STR_STAT_KILL_CIVIL,杀死了 %s 平民 (%s)
STR_STAT_KILL_ENEMY_SOLDIER,杀死了 %s 敌军士兵 (%s)
STR_STAT_KILL_FRIENDLY_SOLDIER,杀死了 %s 友军士兵 (%s)
STR_STAT_KILL_CIVILIAN_UNIT,%s 平民 %s 摧毁了 (%s)
STR_STAT_KILL_ENEMY_UNIT,%s 敌军 %s 摧毁了 (%s)
STR_STAT_KILL_FRIENDLY_UNIT,%s 友军 %s 摧毁了 (%s)
STR_STAT_UNIT_LOST,%s %s %s 在行动中阵亡了 (%s)
,
STR_KILLED_BY,%s (%s %d) 被 %s 杀了
STR_KILLED,%s (%s %d) 被杀了
COMMENT,
STR_AC_MOVE,移动
STR_AC_DESTROY,摧毁
STR_AC_GETIN,进入
STR_AC_SEEKANDDESTROY,搜索并消灭
STR_AC_JOIN,加入
STR_AC_LEADER,加入并领导
STR_AC_GETOUT,离开
STR_AC_CYCLE,循环
STR_AC_LOAD,装载
STR_AC_UNLOAD,卸载
STR_AC_TRANSPORTUNLOAD,卸载运输
STR_AC_HOLD,守备
STR_AC_SENTRY,哨兵
STR_AC_GUARD,守卫
STR_AC_TALK,谈话
STR_AC_SCRIPTED,有脚本的
STR_AC_SUPPORT,支援
STR_AC_AND,与
STR_AC_OR,或
,
STR_SYNC_WAITING,等待其他人
,
STR_SPECIAL_NONE,无
STR_SPECIAL_CARGO,载具内
STR_SPECIAL_FLYING,飞行中
STR_SPECIAL_FORM,队伍中
,
STR_AGE_ACTUAL,实际的
STR_AGE_5MIN,5分钟
STR_AGE_10MIN,10分钟
STR_AGE_15MIN,15分钟
STR_AGE_30MIN,30分钟
STR_AGE_60MIN,1小时
STR_AGE_120MIN,12小时
STR_AGE_UNKNOWN,未知
,
STR_SENSORACTIV_NONE,无
STR_SENSORACTIV_ANYBODY,任何人
STR_SENSORACTIV_ALPHA,无线电 Alpha
STR_SENSORACTIV_BRAVO,无线电 Bravo
STR_SENSORACTIV_CHARLIE,无线电 Charlie
STR_SENSORACTIV_DELTA,无线电 Delta
STR_SENSORACTIV_ECHO,无线电 Echo
STR_SENSORACTIV_FOXTROT,无线电 Foxtrot
STR_SENSORACTIV_GOLF,无线电 Golf
STR_SENSORACTIV_HOTEL,无线电 Hotel
STR_SENSORACTIV_INDIA,无线电 India
STR_SENSORACTIV_JULIET,无线电 Juliet
STR_SENSORACTIV_STATIC,静止物体
STR_SENSORACTIV_VEHICLE,载具
STR_SENSORACTIV_GROUP,全小队
STR_SENSORACTIV_LEADER,小队长
STR_SENSORACTIV_MEMBER,任意队员
,
STR_SENSORTYPE_NONE,无
STR_SENSORTYPE_GUARD_EAST,由East守备
STR_SENSORTYPE_GUARD_WEST,由West守备
STR_SENSORTYPE_GUARD_GUERRILA,由Res守备
STR_SENSORTYPE_SWITCH,选择
STR_SENSORTYPE_END1,结局1
STR_SENSORTYPE_END2,结局2
STR_SENSORTYPE_END3,结局3
STR_SENSORTYPE_END4,结局4
STR_SENSORTYPE_END5,结局5
STR_SENSORTYPE_END6,结局6
STR_SENSORTYPE_LOOSE,失败
,
STR_SPEED_UNCHANGED,无变化
STR_SPEED_LIMITED,限制的
STR_SPEED_NORMAL,普通
STR_SPEED_FULL,全速
,
STR_COMBAT_UNCHANGED,无变化
STR_COMBAT_CARELESS,松懈的
STR_COMBAT_SAFE,安全
STR_COMBAT_AWARE,警戒
STR_COMBAT_COMBAT,战斗
STR_COMBAT_STEALTH,潜行
,
COMMENT,
STR_MM_UNITS,单位：
STR_MM_POSITION,坐标 %s
STR_MM_LOCATION,位于 %s
STR_MM_CHECKPOINT,检查点
STR_MM_NORMAL,- %s
STR_MM_AWAY,- %s (远离)
STR_MM_CARGO,- %s (车内)
STR_MM_LEADERAWAY,- %s (远离)
,
COMMENT,
STR_CAMEFFECT_NONE,无
STR_CAMEFFECT_STATIC,静止的
STR_CAMEFFECT_TRACKING,缩放静止的
STR_CAMEFFECT_FOLLOW_NEAR,跟随1
STR_CAMEFFECT_FOLLOW_FAR,跟随2
STR_CAMEFFECT_EXTERNAL,外部1
STR_CAMEFFECT_EXTERNAL_FIX,外部2
STR_CAMEFFECT_ALIGNED,对齐的
STR_CAMEFFECT_ZOOMIN,放大
STR_CAMEFFECT_ZOOMOUT,缩小
STR_CAMEFFECT_BOOMANDZOOM,吊杆和变焦
STR_CAMEFFECT_TRANSITION,过渡
STR_CAMEFFECT_TERMINATE,终止
,
STR_CAMEFFECT_TOP,上
STR_CAMEFFECT_LEFT,左
STR_CAMEFFECT_RIGHT,右
STR_CAMEFFECT_FRONT,前
STR_CAMEFFECT_BACK,后
STR_CAMEFFECT_LEFTFRONT,左前
STR_CAMEFFECT_RIGHTFRONT,右前
STR_CAMEFFECT_LEFTBACK,左后
STR_CAMEFFECT_RIGHTBACK,右后
STR_CAMEFFECT_LEFTTOP,左上
STR_CAMEFFECT_RIGHTTOP,右上
STR_CAMEFFECT_FRONTTOP,前上
STR_CAMEFFECT_BACKTOP,后上
STR_CAMEFFECT_BOTTOM,下
,
STR_TITTYPE_NONE,无
STR_TITTYPE_OBJECT,物体
STR_TITTYPE_RESOURCE,资源
STR_TITTYPE_TEXT,文本
,
STR_TITEFFECT_PLAIN,平铺
STR_TITEFFECT_PLAIN_DOWN,底部
STR_TITEFFECT_BLACK,黑色
STR_TITEFFECT_BLACKFADED,黑色淡出
STR_TITEFFECT_BLACKOUT,黑色out
STR_TITEFFECT_BLACKIN,黑色in
STR_TITEFFECT_WHITEOUT,白色out
STR_TITEFFECT_WHITEIN,白色in
,
STR_SECTION_MISSION,任务
STR_SECTION_INTRO,简介
STR_SECTION_OUTRO_WIN,尾声 - 胜利
STR_SECTION_OUTRO_LOOSE,尾声 - 失败
STR_SECTION_CUTSCENE,场景 #%d
,
COMMENT,
STR_EVAL_GEN,表达式出现语法错误
STR_EVAL_EXPO,指数爆炸或无效
STR_EVAL_NUM,表达式出现无效数值
STR_EVAL_VAR,表达式出现未定义变量
STR_EVAL_BAD_VAR,表达式使用了保留变量
STR_EVAL_DIV_ZERO,除以零错误
STR_EVAL_TG90,tan90°错误
STR_EVAL_OPENB,缺失左括号 (
STR_EVAL_CLOSEB,缺失右括号 )
STR_EVAL_EQU,缺失赋值符号 =
STR_EVAL_SEMICOLON,缺失分号 ;
STR_EVAL_OPER,未知的操作符 %s
STR_EVAL_LINE_LONG,行太长
STR_EVAL_TYPE,"类型为 %s, 预期的类型为 %s"
STR_EVAL_NAMESPACE,局部变量出现在全局空间中
STR_EVAL_DIM,"提供了 %d 个元素, 预期 %d 个"
,
COMMENT,
STR_EVAL_TYPEANY,任意类型
STR_EVAL_TYPESCALAR,数值
STR_EVAL_TYPEBOOL,逻辑值
STR_EVAL_TYPEARRAY,数组
STR_EVAL_TYPESTRING,字符串
STR_EVAL_TYPENOTHING,无
STR_EVAL_TYPEOBJECT,物体
STR_EVAL_TYPEVECTOR,矢量
STR_EVAL_TYPETRANS,变换
STR_EVAL_TYPEORIENT,朝向
STR_EVAL_TYPESIDE,阵营
STR_EVAL_TYPEGROUP,小组
,
COMMENT,
STR_DISP_OK,OK
STR_DISP_CANCEL,取消
STR_DISP_CLOSE,关闭
STR_DISP_DEFAULT,缺省
STR_DISP_NEW,创建
STR_DISP_DELETE,删除
STR_DISP_EDIT,编辑
STR_DISP_CONTINUE,继续
STR_DISP_ERROR,错误 - 替换
,
COMMENT,
STR_DISP_MAIN_GAME,战役
STR_DISP_MAIN_OPTIONS,选项
STR_DISP_MAIN_SINGLE,单人任务
STR_DISP_MAIN_CUSTOM,任务编辑器
STR_DISP_MAIN_MULTI,多人游戏
STR_DISP_MAIN_QUIT,退出游戏
STR_DISP_MAIN_CREDITS,制作组
STR_DISP_MAIN_ARCADE,调试中心
STR_DISP_MAIN_CONTINUE,继续
STR_DISP_MAIN_DESIGN,所有任务（设计者专用）
,
STR_DISP_MAIN_SAVE,测试保存
STR_DISP_MAIN_LOAD,测试读取
,
COMMENT,
STR_DISP_SINGLE_TITLE,单人任务
,
COMMENT,
STR_DISP_GAME_SELECT,选择游戏
STR_DISP_GAME_NEW,新游戏
STR_DISP_GAME_NAME,名称：
STR_DISP_GAME_SIDE,选择阵营：
STR_DISP_GAME_WEST,West
STR_DISP_GAME_EAST,East
STR_DISP_GAME_GUERRILA,Res
,
COMMENT,
STR_DISP_CUST_PLAY,游玩
STR_CUST_EDIT,编辑
STR_CUST_NEW,新建
,
COMMENT,
STR_DISP_CAMPAIGN_REPLAY,重玩任务
STR_DISP_COLD_WAR_ASSAUL,冷战突袭
STR_DISP_CAMPAIGN_CONTENTS,内容：
,
COMMENT,
STR_DISP_GAME_ARCADE,街机
,
COMMENT,
STR_DISP_OPTIONS_TITLE,选项
STR_DISP_OPTIONS_VIDEO,视频选项
STR_DISP_OPTIONS_AUDIO,音频选项
STR_DISP_OPTIONS_CONFIGURE,控制按钮
STR_DISP_OPTIONS_DIFFICULTY,难度
,
STR_DISP_OPT_VISUALS,视觉
STR_DISP_OPT_QUALITY,视觉质量
STR_DISP_OPT_VISIBILITY,能见度
STR_DISP_OPT_FRAMERATE,巾贞 率
STR_DISP_OPT_TEXTURES,贴图分辨率
STR_DISP_OPT_GAMMA,加马校正
STR_DISP_OPT_BRIGHT,亮度
STR_DISP_OPT_RESOLUTION,分辨率
STR_DISP_OPT_REFRESH,刷新率
STR_DISP_OPT_OBJSHADOWS,物体阴影
STR_DISP_OPT_VEHSHADOWS,载具阴影
STR_DISP_OPT_CLOUDLETS,粒子
STR_DISP_OPT_HWTL,硬件T&L
,
STR_DISP_OPT_VOLUMES,音量
STR_DISP_OPT_MUSIC,音乐
STR_DISP_OPT_EFFECTS,音效
STR_DISP_OPT_VOICES,无线电
STR_DISP_OPT_SAMPLING,采样率
STR_DISP_OPT_HWACC,硬件加速
STR_DISP_OPT_EAX,EAX
STR_DISP_OPT_SINGLE_VOICE,语音
,
COMMENT,
STR_DISP_CONF_NAME,名称
STR_DISP_CONF_KEYS,按键
STR_DISP_CONF_RES,"保留的按键: Esc, F1..F12, 1..0, Backspace"
STR_DISP_CONF_SENS,鼠标灵敏度
STR_DISP_CONF_XAXIS,X轴
STR_DISP_CONF_YAXIS,Y轴
STR_DISP_CONF_MOUSE_BUTTON,鼠标主键
,
COMMENT,
STR_DISP_DIFF_NAME,名称
STR_DISP_DIFF_CADET,新兵
STR_DISP_DIFF_VETERAN,老兵
,
COMMENT,
STR_DISP_MULTI_NEW,新建
STR_DISP_MULTI_JOIN,加入
STR_DISP_MULTI_SESSIONS,活跃的会话
,
STR_DISP_PASSWORD_TITLE,密码
STR_DISP_PASSWORD,密码：
,
STR_DISP_IP_TITLE,服务器IP地址
STR_DISP_IP_ADDRESS,地址：
,
STR_DISP_SERVER_TITLE,新建游戏
STR_DISP_SERVER_ISLAND,岛屿
STR_DISP_SERVER_MISSION,任务
STR_DISP_SERVER_EDITOR,编辑器
,
STR_DISP_CLIENT_TEXT,等待服务器
,
STR_DISP_SRVSETUP_TITLE,服务器创建
STR_DISP_CLISETUP_TITLE,客户端创建
STR_DISP_SRVSETUP_PLAYERS,玩家
STR_DISP_SRVSETUP_UNITS,单位
STR_DISP_SRVSETUP_ISLAND,岛屿
STR_DISP_SRVSETUP_NAME,任务
STR_DISP_SRVSETUP_DESC,描述
STR_DISP_SRVSETUP_ASSIGN,指派
STR_DISP_SRVSETUP_UNASSIGN,解除指派
STR_DISP_SRVSETUP_RANDOM,随机
,
STR_DISP_SRVSIDE_POOL,玩家：
STR_DISP_SRVSIDE_WEST,West:
STR_DISP_SRVSIDE_EAST,East:
STR_DISP_SRVSIDE_RESIST,Resistance:
,
STR_DISP_SRVSIDE_CIVIL,Civilians:
,
STR_DISP_MPROLE_ROLES,角色：
,
STR_DISP_SERVER_READY,游戏开始
STR_DISP_CLIENT_READY,我已就绪
,
STR_DISP_CLIENT_WAIT_TEXT,游戏进行中，请等待
,
STR_DISP_MP_PLAYERS,玩家：
STR_DISP_MP_PLAYERS_TITLE,玩家
STR_DISP_MP_PL,玩家：
STR_DISP_MP_PL_NAME,名称：
STR_DISP_MP_PL_MAIL,E-mail:
STR_DISP_MP_PL_ICQ,ICQ:
STR_DISP_MP_PL_REMARK,标记：
STR_DISP_MP_SQ,小队：
STR_DISP_MP_SQ_NAME,名称：
STR_DISP_MP_SQ_ID,姓名：
STR_DISP_MP_SQ_MAIL,E-mail:
STR_DISP_MP_SQ_WEB,主页：
STR_DISP_MP_SQ_PICTURE,图片：
STR_DISP_MP_SQ_TITLE,标题：
,
COMMENT,
STR_DISP_SAVE_NAME,测试
,
COMMENT,
STR_DISP_BRIEF_TITLE,任务简介
IDS_LOADING,接收任务信息
,
COMMENT,
STR_DISP_TURN_TITLE,调整
,
COMMENT,
STR_DISP_WIN_TITLE,屏幕测试 - 按下 CONTINUE 以继续
,
COMMENT,
STR_DISP_LOSS_TITLE,CONTINUE
,
COMMENT,
STR_DISP_STAT_KILLED,摧毁
STR_DISP_STAT_BY_YOU,由你
STR_DISP_STAT_BY_GRP,由你的小队
STR_DISP_STAT_TOTAL,总数
,
STR_DISP_BRIEFING,简介
STR_DISP_DEBRIEFING,汇报
STR_DISP_DEBRIEFING_RESTART,重新开始
,
COMMENT,
STR_DISP_KILL_TITLE,你被杀死了
STR_DISP_KILL_RETRY,重试
STR_DISP_KILL_CONTINUE,继续
,
COMMENT,
STR_DISP_MISSION_EDITOR,任务编辑器
STR_DISP_SELECT_ISLAND,选择岛屿
,
COMMENT,
STR_DISP_ARCMAP_INTEL,情报
STR_DISP_ARCMAP_LOAD,读取
STR_DISP_ARCMAP_MERGE,合并
STR_DISP_ARCMAP_SAVE,保存
STR_DISP_ARCMAP_CLEAR,清空
STR_DISP_ARCMAP_ADD_SECTION,增加场景
STR_DISP_ARCMAP_PREVIEW,预览
STR_DISP_ARCMAP_CONTINUE,继续
STR_DISP_ARCMAP_UNITS,单位（F1）
STR_DISP_ARCMAP_GROUPS,小队（F2）
STR_DISP_ARCMAP_SENSORS,触发器（F3）
STR_DISP_ARCMAP_WAYPOINTS,路点（F4）
STR_DISP_ARCMAP_SYNCHRONIZE,同步器（F5）
STR_DISP_ARCMAP_MARKERS,图标（F6）
STR_DISP_ARCMAP_EXIT,退出
,
STR_DISP_ARCUNIT_SIDE,阵营
STR_DISP_ARCUNIT_CLASS,类别
STR_DISP_ARCUNIT_VEHICLE,单位
STR_DISP_ARCUNIT_RANK,军衔
STR_DISP_ARCUNIT_AZIMUT,朝向
STR_DISP_ARCUNIT_CTRL,控制
STR_DISP_ARCUNIT_HEALTH,生命值
STR_DISP_ARCUNIT_FUEL,燃料
STR_DISP_ARCUNIT_AMMO,弹药
STR_DISP_ARCUNIT_SPECIAL,特殊
STR_DISP_ARCUNIT_AGE,信息时长
STR_DISP_ARCUNIT_PLACE,部署半径
STR_DISP_ARCUNIT_PRESENCE,出现概率
STR_DISP_ARCUNIT_PRESENCE_COND,出现条件
STR_DISP_ARCUNIT_TEXT,名称
STR_DISP_ARCUNIT_LOCK,载具上锁
STR_DISP_ARCUNIT_INIT,初始化
STR_DISP_ARCUNIT_SKILL,技能值
,
STR_DISP_ARCGRP_TITLE,插入小组
STR_DISP_ARCGRP_SIDE,阵营
STR_DISP_ARCGRP_TYPE,类型
STR_DISP_ARCGRP_NAME,名称
,
STR_DISP_ARCWP_TYPE,选择类型
STR_DISP_ARCWP_SEQ,等待命令
STR_DISP_ARCWP_DESC,描述
STR_DISP_ARCWP_SEMAPHORE,战斗模式
STR_DISP_ARCWP_FORM,队形
STR_DISP_ARCWP_SPEED,速度
STR_DISP_ARCWP_COMBAT,行为
STR_DISP_ARCWP_PLACE,部署半径
STR_DISP_ARCWP_EFFECTS,效果
STR_DISP_ARCWP_TIMEOUT,倒计时
STR_DISP_ARCWP_TIMEOUT_MIN,最小值
STR_DISP_ARCWP_TIMEOUT_MAX,最大值
STR_DISP_ARCWP_TIMEOUT_MID,中间值
STR_DISP_ARCWP_HOUSEPOS,房屋内的位置
STR_DISP_ARCWP_EXPACTIV,触发时行为
STR_DISP_ARCWP_EXPCOND,条件
STR_DISP_ARCWP_SHOW_NEVER,永不显示
STR_DISP_ARCWP_SHOW_EASY,新兵模式下显示
STR_DISP_ARCWP_SHOW_ALWAYS,总是显示
STR_DISP_ARCWP_SCRIPT,脚本
,
STR_DISP_ARCEFF_TITLE,编辑效果
STR_DISP_ARCEFF_CAMERA,照相机
STR_DISP_ARCEFF_CAMTYPE,效果
STR_DISP_ARCEFF_CAMPOS,坐标
STR_DISP_ARCEFF_SOUNDS,音效
STR_DISP_ARCEFF_SOUND_ANON,匿名
STR_DISP_ARCEFF_VOICE,语音
STR_DISP_ARCEFF_MUSIC,音乐
STR_DISP_ARCEFF_SOUND_ENV,环境
STR_DISP_ARCEFF_SOUND_DET,触发器
STR_DISP_ARCEFF_TRACK,音轨
STR_DISP_ARCEFF_TITLES,标题
STR_DISP_ARCEFF_TITTYPE,类型
STR_DISP_ARCEFF_TITEFF,效果
STR_DISP_ARCEFF_TITTEXT,文本
STR_DISP_ARCEFF_ACTIVATION,触发行为
STR_DISP_ARCEFF_EVERYBODY,任何人
STR_DISP_ARCEFF_PLAYERONLY,仅限玩家
,
STR_DISP_ARCSENS_TITLE,编辑触发器
STR_DISP_ARCSENS_A,轴a
STR_DISP_ARCSENS_B,轴b
STR_DISP_ARCSENS_ANGLE,角度
STR_DISP_ARCSENS_ELLIPSE,椭圆
STR_DISP_ARCSENS_RECT,矩形
STR_DISP_ARCSENS_ACTIV,触发行为
STR_DISP_ARCSENS_PRESYES,出现
STR_DISP_ARCSENS_PRESNO,不出现
STR_DISP_ARCSENS_DETWEST,West探测
STR_DISP_ARCSENS_DETEAST,East探测
STR_DISP_ARCSENS_DETGUERRILA,Res探测
STR_DISP_ARCSENS_DETCIVILIAN,Civ探测
STR_DISP_ARCSENS_ONCE,仅一次
STR_DISP_ARCSENS_REPEAT,可重复
STR_DISP_ARCSENS_COUNTDOWN,倒计时
STR_DISP_ARCSENS_TIMEOUT,超时
STR_DISP_ARCSENS_TIMEOUT_MIN,最小值
STR_DISP_ARCSENS_TIMEOUT_MAX,最大值
STR_DISP_ARCSENS_TIMEOUT_MID,中间值
STR_DISP_ARCSENS_TYPE,类型
STR_DISP_ARCSENS_OBJECT,物体
STR_DISP_ARCSENS_TEXT,文本
STR_DISP_ARCSENS_EFFECTS,效果
STR_DISP_ARCSENS_EXPCOND,条件
STR_DISP_ARCSENS_EXPACTIV,触发时行为
STR_DISP_ARCSENS_EXPDESACTIV,失效时行为
STR_DISP_ARCSENS_NAME,名称
,
STR_DISP_ARCMARK_NAME,名称
STR_DISP_ARCMARK_COLOR,颜色
STR_DISP_ARCMARK_ICON,图标
STR_DISP_ARCMARK_RECT,矩形
STR_DISP_ARCMARK_ELLIPSE,椭圆
STR_DISP_ARCMARK_A,轴a
STR_DISP_ARCMARK_B,轴b
STR_DISP_ARCMARK_ANGLE,角度
STR_DISP_ARCMARK_TEXT,文本
,
STR_DISP_TEMPL_SAVE,保存任务
STR_DISP_TEMPL_LOAD,读取任务
STR_DISP_TEMPL_NAME,任务名称：
STR_DISP_TEMPL_MODE,保存为：
STR_DISP_TEMPL_ISLAND,岛屿：
,
STR_DISP_INTEL_TITLE,信息
STR_DISP_INTEL_WEATHER,天气
STR_DISP_INTEL_FORECAST,天气预测
STR_DISP_INTEL_DATE,日期：
STR_DISP_INTEL_TIME,时间：
STR_DISP_INTEL_BRIEFING,简报
STR_DISP_INTEL_NAME,名字：
STR_DISP_INTEL_DESC,描述：
STR_DISP_INTEL_RESISTANCE,Res友好：
STR_DISP_INTEL_NONE_FRIENDLY,无人
STR_DISP_INTEL_WEST_FRIENDLY,West
STR_DISP_INTEL_EAST_FRIENDLY,East
STR_DISP_INTEL_BOTH_FRIENDLY,任何人
,
STR_DISP_GR_WAYPOINTS,路点（F1）
STR_DISP_GR_SYNCHRONIZE,同步器（F2）
,
COMMENT,
STR_DISP_LOGIN_TITLE,选择玩家
STR_DISP_LOGIN_USER,玩家属性：
STR_DISP_NEW_USER_NAME,玩家名称：
STR_DISP_NEW_USER_FACE,脸部：
STR_DISP_NEW_USER_GLASSES,眼镜：
STR_DISP_NEW_USER_SPEAKER,发言者：
STR_DISP_NEW_USER_PITCH,音调：
STR_DISP_NEW_USER_SQUAD,战队URL：
,
COMMENT,
STR_DISP_CHAT_TITLE,聊天
STR_DISP_CHAT_SEND,发送
,
COMMENT,
STR_DISP_INT_TITLE,暂停的
STR_DISP_INT_ABORT,终止
STR_DISP_INT_CONTINUE,继续
STR_DISP_INT_OPTIONS,选项
STR_DISP_INT_LOAD,读盘
STR_DISP_INT_SAVE,存盘
STR_DISP_INT_RETRY,重试
,
COMMENT,
STR_DISP_ME_ABORT,结束
STR_DISP_ME_RETRY,重试
STR_DISP_ME_LOAD,读取
,
COMMENT,
STR_DISP_HINTC_CONTINUE,继续游戏
,
COMMENT,
STR_REPLY,回复
STR_MENU_STATUS,状态
STR_REPLY_MENU,回复
STR_REPLY_DONE,完毕
STR_REPLY_FAIL,失败
STR_REPLY_COPY,收到
STR_REPLY_REPEAT,重复一遍
STR_REPLY_WHERE_ARE_YOU,你在哪？
STR_REPLY_ENGAGING,攻击中
STR_REPLY_UNDER_FIRE,我受到了攻击
STR_REPLY_HIT,我被击中了
STR_REPLY_ONE_LESS,阵亡
STR_REPLY_FIREREADY,准备射击
STR_REPLY_FIRENOTREADY,无法射击
STR_REPLY_KILLED,... 死了
STR_REPLY_INJURED,受伤了
STR_REPLY_FUEL_LOW,缺乏燃料
STR_REPLY_AMMO_LOW,缺乏弹药
,
STR_CALL_SUPPORT,呼叫支援
STR_SUPPORT_MENU,呼叫支援
STR_SUPPORT_MEDIC,医疗
STR_SUPPORT_REPAIR,维修卡车
STR_SUPPORT_REARM,弹药卡车
STR_SUPPORT_REFUEL,油罐车
STR_SUPPORT_DONE,完毕
,
STR_COMMAND,命令
STR_MOVE_OTHER,其他
STR_MOVE_DIR,向特定方向移动
STR_WATCH_DIR,观察特定方向
STR_MOVE_N,北
STR_MOVE_NE,东北
STR_MOVE_E,东
STR_MOVE_SE,东南
STR_MOVE_S,南
STR_MOVE_SW,西南
STR_MOVE_W,西
STR_MOVE_NW,西北
STR_MOVE_DIST,移动距离
STR_MOVE_50,50m
STR_MOVE_100,100m
STR_MOVE_200,200m
STR_MOVE_500,500m
STR_MOVE_1000,1km
STR_MOVE_2000,2km
STR_TEAM,小组
STR_TEAM_MAIN,白色
STR_TEAM_RED,红色
STR_TEAM_GREEN,绿色
STR_TEAM_BLUE,蓝色
STR_TEAM_YELLOW,黄色
STR_ASSIGN,指定为
STR_ASSIGN_MAIN,指定为白色
STR_ASSIGN_RED,指定为红色
STR_ASSIGN_GREEN,指定为绿色
STR_ASSIGN_BLUE,指定为蓝色
STR_ASSIGN_YELLOW,指定为黄色
STR_FORMATION,队形
STR_STATUS,状态
COMMENT,
STR_MENU_TARGET,目标
,
STR_WATCH_TARGET,目标
STR_LOOK_AROUND,水平方向扫描
,
STR_HIDE_MENU,隐藏菜单
STR_CANCEL_MENU,
STR_MORE_MENU,更多
STR_TARGET_MENU,%s 在 %d 点钟方向
STR_TARGET_MENU_SENSOR,"%s, %d 在 %d 点钟方向"
STR_TARGET_MENU_GROUP,"%s, %s (%d)"
,
STR_GETIN_POS,在哪
STR_GETIN_POS_ANY,任何地方
STR_GETIN_POS_DRIVER,驾驶员
STR_GETIN_POS_PILOT,飞行员
STR_GETIN_POS_COMM,指挥官
STR_GETIN_POS_GUNN,炮手
STR_GETIN_POS_CARGO,后座
,
STR_REPORT,报告状态
,
STR_LOAD_INIT,倒计时开始...
STR_LOAD_WORLD,接收中...
STR_LOAD_MISSION,做好准备...
STR_LOAD_INTRO,等一下...
STR_LOAD_GAME,接收任务状态...
STR_SAVE_GAME,保存任务状态...
STR_AUTOSAVE_GAME,更新重试位置...
STR_WAIT_NETWORK,等待机会...
STR_NETWORK_SEND,发送数据...
STR_NETWORK_RECEIVE,接收数据...
STR_NETWORK_RECEIVE_MISSION,接收任务文件 (%d KB / %d KB)...
STR_CREATE_SERVER,创建服务器...
STR_CREATE_CLIENT,创建客户端...
STR_SHUTDOWN,关闭...
,
COMMENT,
STR_WORD_ALL,全部
STR_WORD_ALLGROUP,小组
STR_WORD_ENEMY,敌人
STR_WORD_FRIENDLY,友军
STR_WORD_NEUTRAL,中立
STR_WORD_UNKNOWN,未知
STR_WORD_TEAM_MAIN,白色
STR_WORD_TEAM_RED,红色小组
STR_WORD_TEAM_GREEN,绿色小组
STR_WORD_TEAM_BLUE,蓝色小组
STR_WORD_TEAM_YELLOW,黄色小组
,
STR_WORD_AT1,1 点钟方向
STR_WORD_AT2,2 点钟方向
STR_WORD_AT3,3 点钟方向
STR_WORD_AT4,4 点钟方向
STR_WORD_AT5,5 点钟方向
STR_WORD_AT6,6 点钟方向
STR_WORD_AT7,7 点钟方向
STR_WORD_AT8,8 点钟方向
STR_WORD_AT9,9 点钟方向
STR_WORD_AT10,10 点钟方向
STR_WORD_AT11,11 点钟方向
STR_WORD_AT12,12 点钟方向
,
STR_WORD_DIST50,50
STR_WORD_DIST100,100
STR_WORD_DIST200,200
STR_WORD_DIST500,500
STR_WORD_DIST1000,1000
STR_WORD_DIST2000,2000
STR_WORD_DISTFAR,非常远
COMMENT,
STR_DN_UNKNOWN,未知
STR_DN_VEHICLE,载具
STR_DN_CAR,车辆
STR_DN_TANK,坦克
STR_DN_APC,战车
STR_DN_MAN,人
STR_DN_MAN2,人 2
STR_DN_MAN3,人 3
STR_DN_CIVILIAN,平民
STR_DN_SOLDIER,士兵
STR_DN_SOLDIERFAKE,士兵
STR_DN_ESOLDIERFAKE,士兵
STR_DN_CIVILFAKE,平民
STR_DN_SOLDIERCAPTIVE,俘虏
STR_DN_CREW,乘员
STR_DN_PILOT,飞行员
STR_DN_LAW_SOLDIER,LAW火箭筒兵
STR_DN_CG_SOLDIER,AT兵
STR_DN_AA_SOLDIER,AA兵
STR_DN_GRENADIER,榴弹兵
STR_DN_MEDIC,医疗兵
STR_DN_MGUNNER,机枪手
STR_DN_MORTAR,迫击炮手
STR_DN_SNIPER,狙击手
STR_DN_AT4_SNIPER,AT狙击手
STR_DN_SABOTEUR,特种兵
STR_DN_SABOTEURDAY,特种兵 (白天)
STR_DN_PIPE_SABOTEUR,特种兵 (炸药)
STR_DN_MINER,地雷兵
STR_DN_GENERAL,将军
STR_DN_ANGELINA,安吉丽娜
STR_DN_HELICOPTER,直升机
STR_DN_PLANE,固定翼
STR_DN_SHIP,船
STR_DN_SMALL_SHIP,小船
STR_DN_BIG_SHIP,大船
STR_DN_JEEP,吉普
STR_DN_JEEP_MG,吉普 (M2)
STR_DN_ASTON,Skoda Rapid
STR_DN_SKODA,Skoda 120
STR_DN_SKODA_YELLOW,Skoda 120 (Yellow)
STR_DN_SKODA_BLUE,Skoda 120 (Blue)
STR_DN_SKODA_RED,Skoda 120 (Red)
STR_DN_SKODA_GREEN,Skoda 120 (Green)
STR_DN_5T_TRUCK,卡车
STR_DN_5T_TRUCK_OPEN,卡车 (敞篷)
STR_DN_REPAIT_TRUCK,维修车
STR_DN_REAMMO_TRUCK,弹药车
STR_DN_REFUEL_TRUCK,油罐车
STR_DN_OFFICER,长官
STR_DN_OFFICERNIGHT,长官 (夜视仪)
STR_DN_M1A1,M1A1 Abrams
STR_DN_M1A1_AUTO,M1A1 Abrams (A)
STR_DN_M60,M60
STR_DN_M113,M113
STR_DN_M113_AMB,M113 医疗车
STR_DN_M2_MG,重机枪
STR_DN_LST,坦克登陆舰
STR_DN_MARK_II,MARK II PBR
STR_DN_MARK_II_AUTO,MARK II PBR (A)
STR_DN_AH1,AH-1S 眼镜蛇
STR_DN_PARACHUTE,降落伞
STR_DN_UH60,UH-60
STR_DN_UH60_MG,UH-60 (M2)
STR_DN_A10,A-10
STR_DN_UAZ,UAZ
STR_DN_URAL,卡车
STR_DN_URAL_REPAIR,维修车
STR_DN_URAL_AMMO,弹药车
STR_DN_URAL_FUEL,油罐车
STR_DN_SCUD,SCUD-B
STR_DN_RPG_SOLDIER,RPG火箭筒兵
STR_DN_AT4_SOLDIER,AT兵
STR_DN_BMP,BMP-1
STR_DN_BMP_AMB,BMP 医疗车
STR_DN_T72,T72
STR_DN_T80,T80
STR_DN_T80_AUTO,T-80BV (A)
STR_DN_ZSU,Shilka
STR_DN_MI24,Mi-24
STR_DN_MI17,Mi-17
STR_DN_BOAT,巡逻船
STR_DN_PV3S,卡车
STR_DN_PV3S_REPAIR,维修车
STR_DN_PV3S_AMMO,弹药车
STR_DN_PV3S_FUEL,油罐车
STR_DN_PV3S_CIVIL,卡车
STR_DN_PAPER_CAR,Paper Car
STR_DN_UAZG,UAZ-469B FIA
STR_DN_T55,T-55 FIA
STR_DN_BOFORS,Bofors
STR_DN_BUNKER,Bunker
STR_DN_BUILDING,建筑
STR_DN_HOUSE,房屋
STR_DN_TOWER,塔
STR_DN_TARGET,目标
STR_DN_ARMORED_TARGET,装甲目标
STR_DN_CHURCH,教堂
STR_DN_CHAPEL,Chapel
STR_DN_HOSPITAL,医院
STR_DN_FUEL_STATION,加油站
STR_DN_FUEL_STATION_2,加油站 2
STR_DN_FUEL_STATION_3,加油站 3
STR_DN_DEPOT,Depot
STR_DN_AMMO_DEPOT,弹药点
STR_DN_REPAIR_DEPOT,维修中心
STR_DN_LOGIC,游戏逻辑
STR_DN_FX_EXPLO_GROUND_1,地面爆炸
STR_DN_FX_EXPLO_GROUND_2,地面爆炸 2
STR_DN_FX_CARTRIDGE,弹壳
STR_DN_AMMO_CRATES,弹药箱
STR_DN_AMMO_CRATES_WEST,弹药箱 (West)
STR_DN_AMMO_CRATES_EAST,弹药箱 (East)
STR_DN_AMMO_CRATES_RES,弹药箱 (Res)
STR_DN_MACHINE_GUN,机枪
STR_DN_FLAG,旗帜
STR_DN_FIRE,火
STR_DN_TARGET_EAST,目标 E
STR_DN_CESSNA_CRASH,飞机残骸
STR_DN_TENT,帐篷
STR_DN_TENT_A,帐篷 A
STR_DN_TENT_OPEN,帐篷 (敞篷)
STR_DN_TENT_EAST,帐篷 East
STR_DN_TENT_EAST_C,帐篷 East C
STR_DN_MASH,野战医院
STR_DN_DEBUG_CUBE,调试方块
STR_DN_FORTRESS_1,Fortress 1
STR_DN_GRAVE,Grave
STR_DN_GRAVE_CROSS_1,Grave Cross 1
STR_DN_GRAVE_CROSS_2,Grave Cross 2
STR_DN_GRAVE_CROSS_HELMET,Grave Cross Helmet
STR_DN_FENCE,篱笆
STR_DN_FENCE_WOOD,木篱笆
STR_DN_WIRE,铁丝网
STR_DN_FENCE_WIRE,Fence barbedwire
STR_DN_BARREL,油桶
STR_DN_BARRELS,油桶
STR_DN_BARREL_RED,油桶 (red)
STR_DN_BARREL_BROWN,油桶 (brown)
STR_DN_BARREL_WHITE,油桶 (white)
STR_DN_TABLE,桌子
STR_DN_TABLEMAP,带地图的桌子
STR_DN_TABLE_PUB,桌子 (酒吧)
STR_DN_CHAIR,椅子
STR_DN_CHAIR_HANGAR,Chair Hangar
STR_DN_CHAIR_SMALL,Chair Small
STR_DN_DANGER,危险!
STR_DN_CHAIR_X,椅子 X
STR_DN_VIDEO,Video Table
STR_DN_RADIO,无线电
STR_DN_PHONEHANG,电话
STR_DN_PHONEBASE,电话底座
STR_DN_CAMERA,相机
STR_DN_COMPUTER,电脑
,
COMMENT,
STR_DN_TREE,树木
STR_DN_BUSH,灌木
STR_DN_CROSS,草
STR_DN_ROCK,岩石
STR_DN_FOREST,森林
,
COMMENT,
STR_DN_GUN,枪
STR_DN_SHELL,高爆弹
STR_MN_SHELL,高爆弹
STR_SN_SHELL,高爆弹
STR_DN_HEAT,穿甲弹
STR_MN_HEAT,穿甲弹
STR_SN_HEAT,穿甲弹
STR_DN_MGUN,机枪
STR_MN_MGUN,机枪
STR_SN_MGUN,机枪
STR_DN_RIFLE,枪支
STR_MN_RIFLE,枪支弹夹
STR_SN_RIFLE,枪支
STR_DN_FIST,拳头
STR_MN_FIST,拳头
STR_SN_FIST,拳头
STR_DN_STRIKE,敲击
STR_MN_STRIKE,敲击
STR_SN_STRIKE,敲击
STR_DN_M16,M16A2
STR_MN_M16,mag. M16
STR_SN_M16,M16A2
STR_DN_M16_BURST,M16A2 (Burst)
STR_DN_M4,XM-177
STR_MN_M4,mag. XM-177
STR_SN_M4,XM-177
STR_DN_M4_AUTO,XM-177 (Auto)
STR_DN_AK47,AK47
STR_MN_AK47,mag. AK-47
STR_SN_AK47,AK-47
STR_DN_AK47_BURST,AK-47 (Burst)
STR_DN_AK47_AUTO,AK-47 (Auto)
STR_DN_AK47_CZ,AK-47CZ
STR_DN_AK74,AK-74
STR_MN_AK74,mag. AK-74
STR_SN_AK74,AK-74
STR_DN_AK74_BURST,AK-74 (Burst)
STR_DN_AK74_AUTO,AK-74 (Auto)
STR_DN_AK74_SU,AKS-74U
STR_DN_HK,MP5SD6
STR_MN_HK,mag. MP5
STR_SN_HK,MP5SD6
STR_DN_HK_AUTO,MP5SD6 (Auto)
STR_DN_SNIPER_RIFFLE,Sniper
STR_DN_M21,M21
STR_MN_M21,mag. M21
STR_SN_M21,M21
STR_DN_SVD,SVD Dragunov
STR_MN_SVD,mag. SVD Dragunov
STR_SN_SVD,SVD
STR_DN_BINOCULAR,Binocular
STR_DN_NV_GOGGLES,NVG
STR_DN_M60_MG,M60
STR_MN_M60_MG,mag. M60
STR_SN_M60_MG,M60
STR_DN_PK,PK
STR_MN_PK,mag. PK
STR_SN_PK,PK
STR_DN_MG30,30-mm cannon
STR_MN_MG30,30-mm cannon
STR_SN_MG30,30-mm cannon
STR_DN_AZP23,AZP-23
STR_MN_AZP23,AZP-23
STR_SN_AZP23,AZP-23
STR_DN_GRENADE,40-mm grenade
STR_MN_GRENADE,40-mm grenade
STR_SN_GRENADE,40-mm grenade
STR_DN_RIFLE_GRENADE,枪榴弹
STR_DN_M16_GRENADE,M16A2 M203
STR_DN_M203,M203
STR_DN_AK47_GRENADE,AK-47 GP-25
STR_DN_AK74_GRENADE,AK-74 GP-25
STR_DN_MORTAR_W,Rifle Grenade
STR_MN_MORTAR_W,Rifle Grenade
STR_SN_MORTAR_W,Rifle Grenade
STR_DN_FLARE,White Star (照明弹)
STR_MN_FLARE,White Star (照明弹)
STR_SN_FLARE,White Star (照明弹)
STR_DN_FLARE_GREEN,Green Star (照明弹)
STR_MN_FLARE_GREEN,Green Star (照明弹)
STR_SN_FLARE_GREEN,Green Star (照明弹)
STR_DN_FLARE_RED,Red Star (照明弹)
STR_MN_FLARE_RED,Red Star (照明弹)
STR_SN_FLARE_RED,Red Star (照明弹)
STR_DN_FLARE_YELLOW,Yellow Star (照明弹)
STR_MN_FLARE_YELLOW,Yellow Star (照明弹)
STR_SN_FLARE_YELLOW,Yellow Star (照明弹)
STR_DN_THROW,Throw
STR_DN_HAND_GRENADE,手雷
STR_MN_HAND_GRENADE,手雷
STR_SN_HAND_GRENADE,手雷
STR_DN_SMOKE,烟雾弹
STR_MN_SMOKE,烟雾弹
STR_SN_SMOKE,烟雾弹
STR_DN_SMOKE_RED,烟雾弹 (Red)
STR_MN_SMOKE_RED,烟雾弹 (Red)
STR_SN_SMOKE_RED,烟雾弹 (Red)
STR_DN_SMOKE_GREEN,烟雾弹 (Green)
STR_MN_SMOKE_GREEN,烟雾弹 (Green)
STR_SN_SMOKE_GREEN,烟雾弹 (Green)
STR_DN_PUT,放置
STR_DN_TIME_BOMB,定时炸弹
STR_MN_TIME_BOMB,定时炸弹
STR_SN_TIME_BOMB,定时炸弹
STR_DN_MINE,地雷
STR_MN_MINE,地雷
STR_SN_MINE,地雷
STR_DN_PIPE_BOMB,C-4
STR_MN_PIPE_BOMB,C-4
STR_SN_PIPE_BOMB,C-4
STR_DN_LAW,M72 LAW
STR_MN_LAW,rocket M72 LAW
STR_SN_LAW,M72 LAW
STR_DN_RPG,RPG-75
STR_MN_RPG,rocket RPG-75
STR_SN_RPG,RPG-75
STR_DN_CARL_GUSTAV,M2 Carl Gustaf
STR_MN_CARL_GUSTAV,rocket M2 Carl Gustaf
STR_SN_CARL_GUSTAV,M2 Carl Gustaf
STR_DN_AT4,AT-4 Spigot
STR_MN_AT4,rocket AT-4 Spigot
STR_SN_AT4,AT-4 Spigot
STR_DN_AA,FIM-92 Stinger
STR_MN_AA,rocket FIM-92 Stinger
STR_SN_AA,FIM-92 Stinger
STR_DN_9K32,SA-7 Grail
STR_MN_9K32,rocket SA-7 Grail
STR_SN_9K32,SA-7 Grail
STR_DN_AT3,AT-3 Sagger
STR_MN_AT3,AT-3 Sagger
STR_SN_AT3,AT-3 Sagger
STR_DN_TOW,BGM-71 TOW
STR_MN_TOW,BGM-71 TOW
STR_SN_TOW,BGM-71 TOW
STR_DN_FFAR,Hydra-70 FFAR
STR_MN_FFAR,Hydra-70 FFAR
STR_SN_FFAR,Hydra-70 FFAR
STR_DN_ROCKET_57,S-5 Rocket
STR_MN_ROCKET_57,S-5 Rocket
STR_SN_ROCKET_57,S-5 Rocket
STR_DN_AT6,AT-6 Spiral
STR_MN_AT6,AT-6 Spiral
STR_SN_AT6,AT-6 Spiral
STR_DN_MAVERICK,AGM-65 Maverick
STR_MN_MAVERICK,AGM-65 Maverick
STR_SN_MAVERICK,AGM-65 Maverick
STR_DN_HORN,Horn
STR_DN_PHONE,Phone
,
COMMENT,
STR_Q_NORTH,北
STR_Q_NORTH_EAST,东北
STR_Q_EAST,东
STR_Q_SOUTH_EAST,东南
STR_Q_SOUTH,南
STR_Q_SOUTH_WEST,西南
STR_Q_WEST,西
STR_Q_NORTH_WEST,西北
,
COMMENT,
STR_SENT_UNIT_KILLED_1,%1.1 死了
STR_SENT_UNIT_KILLED_2,该死 %1.1 死了
STR_SENT_UNIT_KILLED_3,哦不.... %1.1... 死了!
STR_SENT_SUPPORT_ASK_HEAL_1,医疗! 坐标 %1
STR_SENT_SUPPORT_ASK_REPAIR_1,"需要维修, 坐标 %1"
STR_SENT_SUPPORT_ASK_REFUEL_1,"需要燃料, 坐标 %1"
STR_SENT_SUPPORT_ASK_REARM_1,"需要弹药, 坐标 %1"
STR_SENT_SUPPORT_CONFIRM_1,"%1, 支援中. 坐标 %2"
STR_SENT_SUPPORT_READY_1,"坐标 %2, 支援中 %1"
STR_SENT_SUPPORT_DONE_1,支援完毕
STR_SENT_HEALTH_CRITICAL_1,受伤了
STR_SENT_DAMMAGE_CRITICAL_1,受损严重
STR_SENT_FUEL_CRITICAL_1,燃料耗尽
STR_SENT_FUEL_LOW_1,低燃料
STR_SENT_AMMO_CRITICAL_1,弹药耗尽
STR_SENT_AMMO_LOW_1,低弹药
STR_SENT_REPORT_POSITION_1,坐标 %2
STR_SENT_IS_LEADER_1,担任指挥
STR_SENT_IS_LEADER_2,现在是 %1: 担任指挥. 再说一次. %1 担任指挥. 完毕
STR_SENT_COMMAND_COMPLETED_1,就绪
STR_SENT_COMMAND_COMPLETED_2,等待
STR_SENT_FIRE_READY_1,等待射击
STR_SENT_FIRE_NEGATIVE_1,无法射击
STR_SENT_COMMAND_FAILED_1,无法完成
STR_SENT_DESTINATION_UNREACHEABLE_1,无法到达那里
STR_SENT_ENEMY_DETECTED_1,"%3, %4 %2, %5"
STR_SENT_ENEMY_DETECTED_2,"%3, %2, %5"
STR_SENT_ENEMY_DETECTED_FAR_1,"%3, %4 %2, %5"
STR_SENT_ENEMY_DETECTED_FAR_2,"%3, %2, %5"
STR_SENT_ENEMY_DETECTED_SIMPLE_1,"%3, %2, %5"
STR_SENT_ENEMY_DETECTED_SIMPLE_FAR_1,"%3, %2"
STR_SENT_OBJECT_DESTROYED_1,干掉他了
STR_SENT_OBJECT_DESTROYED_2,%2 已消灭
STR_SENT_OBJECT_DESTROYED_UNKNOWN_1,干掉他了
STR_SENT_CONTACT_1,发现敌人
STR_SENT_UNDER_FIRE_1,受到攻击
STR_SENT_CLEAR_1,已清场
STR_SENT_REPEAT_COMMAND_1,重复一遍
STR_SENT_WHERE_ARE_YOU_1,你在哪？
STR_SENT_RETURN_TO_FORMATION_1,"%1, 归队"
STR_SENT_RETURN_TO_FORMATION_2,"%1, 归队"
STR_SENT_FORM_COLUMN_1,纵队
STR_SENT_FORM_STAGGERED_COLUMN_1,交错纵队
STR_SENT_FORM_WEDGE_1,楔形
STR_SENT_FORM_ECHOLON_LEFT_1,左梯队
STR_SENT_FORM_ECHOLON_RIGHT_1,右梯队
STR_SENT_FORM_VEE_1,V队形
STR_SENT_FORM_LINE_1,横队
STR_SENT_BEHAVIOUR_CARELESS_1,"%1, STAND DOWN"
STR_SENT_BEHAVIOUR_SAFE_1,"%1, 放松"
STR_SENT_BEHAVIOUR_AWARE_1,"%1, 警惕"
STR_SENT_BEHAVIOUR_COMBAT_1,"%1, 危险"
STR_SENT_BEHAVIOUR_STEALTH_1,"%1, 潜行"
STR_SENT_OPEN_FIRE_1,"%1.1, 自由射击"
STR_SENT_OPEN_FIRE_2,"%1.1, 自由射击"
STR_SENT_OPEN_FIRE_IN_COMBAT_1,"%1.1, GO, GO, GO!"
STR_SENT_HOLD_FIRE_1,"%1.1, 禁止射击"
STR_SENT_HOLD_FIRE_IN_COMBAT_1,"%1.1, 别打了!"
STR_SENT_HOLD_FIRE_IN_COMBAT_2,"%1.1, 别射击"
STR_SENT_CEASE_FIRE_INSIDE_GROUP_1,"%1.1, 别打了!"
STR_SENT_CEASE_FIRE_1,"%1 %2.1, 别打了!"
STR_SENT_LOOSE_FORMATION_1,"%1.1, 自主接敌"
STR_SENT_KEEP_FORMATION_1,"%1.1, 禁止接敌"
STR_SENT_UNIT_POS_DOWN_1,"%1.1, 匍匐"
STR_SENT_UNIT_POS_DOWN_2,"%1.1, 匍匐"
STR_SENT_UNIT_POS_DOWN_3,"%1.1, 匍匐"
STR_SENT_UNIT_POS_UP_1,"%1.1, 站起来"
STR_SENT_UNIT_POS_AUTO_1,"%1.1, 保持低姿态"
STR_SENT_FORM_POS_ADVANCE_1,"%1.1, 前进"
STR_SENT_FORM_POS_STAY_BACK_1,"%1.1, 后退"
STR_SENT_FORM_POS_FLANK_LEFT_1,"%1.1, 往左"
STR_SENT_FORM_POS_FLANK_RIGHT_1,"%1.1, 往右"
STR_SENT_REPORT_STATUS_1,"%1.1, 报告状态"
STR_SENT_TEAM_1,%1.1 是 %2
STR_SENT_WATCH_TGT_1,"%1.1, 观察 %2"
STR_SENT_WATCH_DIR_1,"%1.1, 观察 %2"
STR_SENT_WATCH_POS_1,"%1.1, 观察 %2"
STR_SENT_WATCH_AROUND_1,"%1.1, 水平方向扫描"
STR_SENT_NO_TARGET_1,"%1.1, 无目标"
STR_SENT_TARGET_1,"%1, 目标 %2"
STR_SENT_ENGAGE_1,"%1, 接敌 %2"
STR_SENT_FIRE_1,"%1, 射击 AT %2"
STR_SENT_ENGAGE_NO_TARGET_1,"%1, 接敌"
STR_SENT_FIRE_NO_TARGET_1,"%1, 射击"
STR_SENT_CMD_MOVE_1,"%1.1, 移动到 %2 %3"
STR_SENT_CMD_MOVE_2,"%1.1, 移动到 %2 %3"
STR_SENT_CMD_MOVE_FAR_1,"%1.1, 移动到 %2"
STR_SENT_CMD_MOVE_FAR_2,"%1.1, 移动到 %2"
STR_SENT_CMD_MOVE_TO_1,"%1.1, 移动到 %2 %3"
STR_SENT_CMD_MOVE_TO_2,"%1.1, 移动到 %2 %3"
STR_SENT_CMD_MOVE_NEAR_1,"%1.1, 移动到 %2 %3"
STR_SENT_CMD_HEAL_1,"%1.1, 医疗 AT %2 %3"
STR_SENT_CMD_HEAL_FAR_1,"%1.1, 医疗 AT %2"
STR_SENT_CMD_HEAL_AT_1,"%1.1, 移动到 %2 %3"
STR_SENT_CMD_REPAIR_1,"%1.1, 维修 AT %2 %3"
STR_SENT_CMD_REPAIR_FAR_1,"%1.1, 维修 AT %2"
STR_SENT_CMD_REPAIR_AT_1,"%1.1, 维修 AT %2 %3"
STR_SENT_CMD_REFUEL_1,"%1.1, 加油 AT %2 %3"
STR_SENT_CMD_REFUEL_FAR_1,"%1.1, 加油 AT %2"
STR_SENT_CMD_REFUEL_AT_1,"%1.1, 加油 AT %2 %3"
STR_SENT_CMD_REARM_1,"%1.1, 装弹 AT %2 %3"
STR_SENT_CMD_REARM_FAR_1,"%1.1, 装弹 AT %2"
STR_SENT_CMD_REARM_AT_1,"%1.1, 装弹 AT %3"
STR_SENT_CMD_SUPPORT_1,"%1.1, 支援 AT %2 %3"
STR_SENT_CMD_SUPPORT_FAR_1,"%1.1, 支援 AT %2"
,
STR_SENT_CMD_SUPPORT_AT_1,"%1.1, 支援 %2 AT %3"
,
STR_SENT_CMD_TAKE_WEAPON_1,"%1.1, 拾取武器 FROM %2 %3"
STR_SENT_CMD_TAKE_WEAPON_FAR_1,"%1.1, 拾取武器 FROM %2"
STR_SENT_CMD_TAKE_WEAPON_AT_1,"%1.1, 拾取武器 FROM %2 %3"
STR_SENT_CMD_TAKE_MAGAZINE_1,"%1.1, 拾取弹夹 FROM %2 %3"
STR_SENT_CMD_TAKE_MAGAZINE_FAR_1,"%1.1, 拾取弹夹 FROM %2"
STR_SENT_CMD_TAKE_MAGAZINE_AT_1,"%1.1, 拾取弹夹 FROM %2 %3"
STR_SENT_CMD_ACTION_1,"%1.1, %2 AT %3 %4"
STR_SENT_CMD_ACTION_FAR_1,"%1.1, %2 AT %3"
STR_SENT_CMD_ACTION_AT_1,"%1.1, %2 AT %3 %4"
STR_SENT_CMD_FOLLOW_ME_1,"%1.1, 归队"
STR_SENT_CMD_FOLLOW_ME_2,"%1.1, 归队"
STR_SENT_CMD_FOLLOW_1,"%1.1, 跟随 %2.1"
STR_SENT_CMD_ATTACK_1,"%1.1, 攻击 %2"
STR_SENT_CMD_ATTACK_NO_TARGET_1,"%1.1, 攻击"
STR_SENT_CMD_FIRE_1,"%1.1, 射击 AT %2"
STR_SENT_CMD_GETIN_1,"%1.1, 登车 %2"
STR_SENT_CMD_GETIN_COMMANDER_1,"%1.1, 指挥官, 登车 %2"
STR_SENT_CMD_GETIN_DRIVER_1,"%1.1, 驾驶员, 登车 %2"
STR_SENT_CMD_GETIN_PILOT_1,"%1.1, 飞行员, 登车 %2"
STR_SENT_CMD_GETIN_GUNNER_1,"%1.1, 炮手, 登车 %2"
STR_SENT_CMD_GETIN_CARGO_1,"%1.1, 后座 IN %2"
STR_SENT_CMD_GETOUT_1,"%1.1, 下车"
STR_SENT_CMD_STOP_1,"%1.1, 停止"
STR_SENT_CMD_EXPECT_1,"%1.1, 等我"
STR_SENT_CMD_HIDE_1,"%1.1, 隐蔽"
STR_SENT_NOTIFY_ATTACK_1,接敌中
STR_SENT_NOTIFY_SUPPORT_1,支援中
STR_SENT_CONFIRM_PRIVATE_1,收到
STR_SENT_CONFIRM_MOVE_1,收到
STR_SENT_CONFIRM_MOVE_2,移动中
STR_SENT_CONFIRM_MOVE_3,移动中
STR_SENT_CONFIRM_ATTACK_1,我在处理他了
STR_SENT_CONFIRM_ATTACK_2,收到
STR_SENT_CONFIRM_ATTACK_3,移动中
STR_SENT_CONFIRM_OTHER_1,收到
STR_SENT_VEHICLE_MOVE_1,移动到 %1 %2
STR_SENT_VEHICLE_MOVE_2,移动到 %1 %2
STR_SENT_VEHICLE_JOIN_1,保持队形
STR_SENT_VEHICLE_FIRE_1,射击于 %1
STR_SENT_VEHICLE_TARGET_1,"目标 %1, %2"
STR_SENT_VEHICLE_NO_TARGET_1,无目标
STR_SENT_VEHICLE_CEASE_FIRE_1,别打了!
STR_SENT_VEHICLE_FORWARD_1,前进
STR_SENT_VEHICLE_STOP_1,停下
STR_SENT_VEHICLE_BACKWARD_1,后退
STR_SENT_VEHICLE_FASTER_1,快速前进
STR_SENT_VEHICLE_SLOWER_1,慢速前进
STR_SENT_VEHICLE_LEFT_1,左转
STR_SENT_VEHICLE_RIGHT_1,右转
STR_SENT_VEHICLE_DIRECT_FIRE_1,射击
STR_SENT_VEHICLE_LOAD_1,%1
STR_SENT_VEHICLE_AZIMUT_1,%1
STR_SENT_VEHICLE_FIRE_FAILED_1,无法完成
STR_SENT_VEHICLE_FIRE_FAILED_2,无法射击
,
COMMENT,
STR_CFG_GLASSES_NONE,无
STR_CFG_GLASSES_SPECTACLES,Spectacles
STR_CFG_GLASSES_SUNGLASSES,太阳镜
STR_CFG_FACES_DEFAULT,默认脸部
STR_CFG_FACES_CUSTOM,定制脸部
STR_CFG_HQ_BASE,基地
STR_CFG_HQ_HQ,HQ
STR_CFG_PAPABEAR,PAPA BEAR
STR_CFG_FIREFLYBASE,空军基地
,
,
STR_CFG_SOUNDS_ALARM,播放警报
STR_CFG_SOUNDS_EXPLOSION1,小爆炸
STR_CFG_SOUNDS_EXPLOSION2,大爆炸
STR_CFG_SOUNDS_FOUNTAIN,Fountain
STR_CFG_SOUNDS_FIRE,火焰
STR_CFG_TITLES_SPHERE,Sphere
STR_CFG_TITLES_BISLOGO,Bohemia Interactive
STR_CFG_TITLES_TVSET,TV Set
STR_CFG_CUTSCENES_REFUEL,加油中
STR_CFG_CUTSCENES_REARM,装弹中
STR_CFG_CUTSCENES_REPAIR,维修中
STR_CFG_CUTSCENES_HEALING,医疗中
STR_CFG_CUTSCENES_TAKEWEAPON,获取武器
STR_CFG_CUTSCENES_TAKEMAGAZINE,获取弹药
STR_CFG_CAMEFFECTS_TERMINATE,终止
STR_CFG_CAMEFFECTS_INTERNAL,内部的
STR_CFG_CAMEFFECTS_ZOOMIN,拉近
STR_CFG_CAMEFFECTS_ZOOMINSLOW,缓慢拉近
STR_CFG_CAMEFFECTS_AROUND,环顾
STR_CFG_CAMEFFECTS_AROUNDSLOW,缓慢环顾
STR_CFG_CAMEFFECTS_ZOOMAROUND,缩放且环顾
STR_CFG_CAMEFFECTS_AROUNDZOOMSLOW,环顾且缓慢缩放
STR_CFG_CAMEFFECTS_ZOOMINS,Zoom In S
STR_CFG_CAMEFFECTS_FIXED,固定的
STR_CFG_CAMEFFECTS_FIXEDZOOM,固定的 (缩放)
STR_CFG_CAMEFFECTS_EXTERNAL,外部的
STR_CFG_MARKERS_FLAG,目标
STR_CFG_MARKERS_FLAG1,旗帜
STR_CFG_MARKERS_DOT,点
STR_CFG_MARKERS_DESTROY,摧毁
STR_CFG_MARKERS_START,开始
STR_CFG_MARKERS_END,结束
STR_CFG_MARKERS_WARNING,警告
STR_CFG_MARKERS_JOIN,加入
STR_CFG_MARKERS_PICKUP,带上
STR_CFG_MARKERS_UNKNOWN,未知
STR_CFG_MARKERS_MARKER,图标
STR_CFG_MARKERS_ARROW,箭头
STR_CFG_MARKERS_EMPTY,空
STR_CFG_MARKERCOL_DEFAULT,默认
STR_CFG_MARKERCOL_BLACK,黑色
STR_CFG_MARKERCOL_RED,红色
STR_CFG_MARKERCOL_REDALPHA,红色透明
STR_CFG_MARKERCOL_GREEN,绿色
STR_CFG_MARKERCOL_GREENALPHA,绿色透明
STR_CFG_MARKERCOL_BLUE,蓝色
STR_CFG_MARKERCOL_YELLOW,黄色
STR_CFG_MARKERCOL_WHITE,白色
STR_CFG_MARKERBR_SOLID,填充
STR_CFG_MARKERBR_HORIZONTAL,水平线
STR_CFG_MARKERBR_VERTICAL,竖直线
STR_CFG_MARKERBR_GRID,网格
STR_CFG_MARKERBR_FDIAGONAL,前向对角线
STR_CFG_MARKERBR_BDIAGONAL,后向对角线
STR_CFG_MARKERBR_DIAGGRID,网格对角线
STR_CFG_MARKERBR_CROSS,十字
STR_CFG_GRPNAMES_ALPHA,Alpha
STR_CFG_GRPNAMES_BRAVO,Bravo
STR_CFG_GRPNAMES_CHARLIE,Charlie
STR_CFG_GRPNAMES_DELTA,Delta
STR_CFG_GRPNAMES_ECHO,Echo
STR_CFG_GRPNAMES_FOXTROT,Foxtrot
STR_CFG_GRPNAMES_GOLF,Golf
STR_CFG_GRPNAMES_HOTEL,Hotel
STR_CFG_GRPNAMES_NOVEMBER,November
STR_CFG_GRPNAMES_KILO,Kilo
STR_CFG_GRPNAMES_YANKEE,Yankee
STR_CFG_GRPNAMES_ZULU,Zulu
STR_CFG_GRPNAMES_BUFFALO,Buffalo
STR_CFG_GRPNAMES_SIX,Six
STR_CFG_GRPNAMES_TWO,Two
STR_CFG_GRPNAMES_THREE,Three
STR_CFG_GRPNAMES_GUARDIAN,Guardian
STR_CFG_GRPNAMES_CONVOY,Convoy
STR_CFG_GRPCOL_BLACK,Black
STR_CFG_GRPCOL_RED,Red
STR_CFG_GRPCOL_GREEN,Green
STR_CFG_GRPCOL_BLUE,Blue
STR_CFG_GRPCOL_YELLOW,Yellow
STR_CFG_GRPCOL_ORANGE,Orange
STR_CFG_GRPCOL_PINK,Pink
STR_CFG_GRP_ARMORED,装甲
STR_CFG_GRP_INFANTRY,步兵
STR_CFG_GRP_M1PLATOON,队伍 - M1A1 Abrams
STR_CFG_GRP_M60PLATOON,队伍 - M60
STR_CFG_GRP_T80PLATOON,队伍 - T-80BV
STR_CFG_GRP_T72PLATOON,队伍 - T-72M1
STR_CFG_GRP_INFANTRY_BASIC,步兵队
STR_CFG_GRP_INFANTRY_MECHANIZED,机械化步兵队
,
COMMENT,
STR_BRIEF_WEAPONS,武器:
STR_BRIEF_ITEMS1,物品I:
STR_BRIEF_ITEMS2,物品II:
STR_BRIEF_SPECIAL,特殊:
STR_BRIEF_PRIMARY_WEAPONS,主武器
STR_BRIEF_SECONDARY_WEAPONS,副武器
STR_BRIEF_SPECIAL_ITEMS,特殊物品
STR_BRIEF_SPECIAL_MAGAZINES,物品
STR_BRIEF_POOL_CANCEL,取消
STR_BRIEF_POOL_NONE,无
STR_BRIEF_GROUP,小组
STR_BRIEF_GROUP_LEADER,*小队长
STR_BRIEF_COMMANDER,指挥官
STR_BRIEF_DRIVER,驾驶员
STR_BRIEF_GUNNER,炮手
STR_BRIEF_CARGO,乘客
STR_BRIEF_DURATION_LONG,"Duration: %d h, %d min"
STR_BRIEF_DURATION_SHORT,Duration: %d min
STR_BRIEF_SCORE,Score: %.0f
STR_BRIEF_OBJECTIVES,目标
STR_BRIEF_STATISTICS,统计
STR_BRIEF_YOURKILLS,你击杀的:
STR_BRIEF_YOURKILLS_FRIENDLY,你击杀的-友军单位:
STR_BRIEF_YOURKILLS_CIVIL,你击杀的-平民:
STR_BRIEF_CASUALTIES,损失:
STR_BRIEF_FORMAT_GENERIC_TIMES,%dx %s
STR_BRIEF_FORMAT_YOU_TIMES,%dx you (%s)
STR_BRIEF_FORMAT_YOU_ONCE,You (%s)
STR_BRIEF_FORMAT_BY_TIMES,- %dx by %s
STR_BRIEF_FORMAT_BY_ONCE,- by %s
STR_BRIEF_STAT_OPEN,统计
STR_BRIEF_STAT_CLOSE,关闭
,
STR_DIFF_3RD_PERSON_VIEW,第三人称视角
STR_DISP_INT_TITLE_MP,游戏进行中
STR_DN_M2_MGE,重机枪 (East)
,
STR_DN_BLACKOP,特种兵
STR_DN_BLACKOPDAY,特种兵
STR_DN_SPECNAS,特种兵
STR_DN_ENGINEER,地雷兵
,
,
STR_ACTION_SALUTE,敬礼
STR_WEAPON,武器
STR_MAGAZINE,弹夹
STR_USE_WEAPON,使用武器
,
STR_DN_AMMO_CRATES_WEST2,弹药箱II (West)
STR_DN_AMMO_CRATES_EAST2,弹药箱II (East)
STR_DN_AMMO_CRATES_RES2,弹药箱II (Res)
,
COMMENT,
COMMENT,
STR_MSG_ADDON_MISSING,"无法读取任务, 缺失插件:"
STR_MSG_ADDON_VERSION,插件 %s 要求 %s 的游戏版本
,
COMMENT,
STR_FADE_REMMEMBER,记住
,
COMMENT,
STR_MP_CONNECT,玩家 %s 已连接
STR_MP_DISCONNECT,玩家 %s 断开连接
STR_MSG_LAUNCH_GAME,还有玩家未就绪. 你确定吗?
STR_DISP_MP_KICKOFF,踢除
,
COMMENT,
STR_DN_MOTORCYCLE,摩托车
STR_DN_BICYCLE,自行车
,
COMMENT,走路
STR_USRACT_WALK,
,
COMMENT,
COMMENT,
STR_DISP_IP_PORT,端口:
STR_SESSION_NAME_INIT,创建中...
STR_DEDICATED_SERVER,专用服务器
,
COMMENT,
STR_MULTI_TITLE_LAN,联机游戏位于 LAN (端口 %d)
STR_MULTI_TITLE_REMOTE,联机游戏位于 %s:%d
,
STR_MP_VALIDERROR,%s 使用了修改了的配置文件
STR_MP_VALIDERROR_1,%s 使用了修改了的启动程序
STR_MP_VALIDERROR_2,%s 使用了修改了的数据文件
,
STR_MP_LOGGED,登录为admin
STR_DISP_MP_BAN,禁止
,
,
COMMENT,
,
STR_MPW_NEW_EDIT,新的编辑器
STR_MPW_NEW_WIZ,新的示例
,
STR_DISP_MPW_TITLE,任务示例
STR_DISP_MPW_TEMPLATE,模板:
STR_DISP_MPW_DESCRIPTION,描述:
STR_DISP_MPW_NAME,任务名称:
STR_MSG_MPW_NONAME,你必须先给任务命名!
,
STR_DISP_MPW_FINISH,完成
,
STR_DISP_PORT_TITLE,导入
STR_DISP_MPROLE_SIDES,阵营
,
COMMENT,
STR_MSG_MISSION_VERSION,任务要求 %s 版本的游戏
STR_MSG_NO_WORLD,岛屿 %s 未找到
,
STR_SESSION_CREATE,创建中
STR_SESSION_EDIT,编辑中
STR_SESSION_WAIT,等待中
STR_SESSION_SETUP,设置中
STR_SESSION_DEBRIEFING,结算中
STR_SESSION_BRIEFING,简报中
STR_SESSION_PLAY,游戏中
,
STR_SESSION_VERSION,版本: %.2f 
STR_SESSION_REQUIRED,要求: %.2f 
,
STR_DISP_CLIENT_TEXT_EDIT,编辑任务中
,
STR_CLIENT_WAIT_TITLE,"游戏进行中 (%s), 请等待"
,
STR_MPROLE_ENABLE_ALL,启用全部
STR_MPROLE_DISABLE_ALL,禁用全部
,
COMMENT,
STR_MPROLE_POOL_WEST,池子:
STR_MPROLE_POOL_EAST,池子:
STR_MPROLE_POOL_RESIST,池子:
STR_MPROLE_POOL_CIVIL,池子:
,
COMMENT,
STR_MSG_MP_SESSION_FULL,已达到最大玩家数量
STR_DISP_MP_PL_TIME,时间:
STR_DIFF_TRACERS,子弹轨迹:
STR_MP_CONNECTING,玩家 %s 连接中
,
STR_DISP_MP_PING,Ping:
STR_DISP_MP_BANDWIDTH,带宽:
STR_DISP_MP_DESYNC,延迟:
STR_MP_SERVER,服务器
STR_MP_MASTER,管理员
,
STR_DISP_OPT_BLOOD,流血:
,
COMMENT,
STR_DISP_OPT_MULTITEXTURING,多重贴图:
STR_DISP_OPT_WBUFFER,W-缓冲:
,
COMMENT,
STR_ACTION_PUTBOMB,放置 %s (%d)
,
STR_ULTRA_AI,超级AI
,
STR_KILLED_BY_FRIENDLY,%s (%s %d) 被 %s 击杀 (友军伤害)
STR_KILLED_FRIENDLY,%s (%s %d) 被击杀 (友军伤害)
,
COMMENT,
,
STR_TIME_LEFT,
STR_USRACT_AIM_UP,准星向上
STR_USRACT_AIM_DOWN,准星向下
STR_USRACT_AIM_LEFT,准星向左
STR_USRACT_AIM_RIGHT,准星向右
,
STR_SINGLE_OPEN,
STR_NUM_MAGAZINES,%s (%d pcs.)
,
STR_ACTION_PUT_WEAPON,放置 %s to %s
STR_ACTION_DROP_WEAPON,丢弃 %s
STR_ACTION_PUT_MAGAZINE,放置 %s to %s
STR_ACTION_DROP_MAGAZINE,丢弃 %s
,
STR_CFG_CUTSCENES_DROPWEAPON,正在丢弃武器
STR_CFG_CUTSCENES_DROPMAGAZINE,正在丢弃弹药
,
STR_MPROLE_START,开始
STR_MP_SESSION_LOST,会话断开
STR_MP_NO_MESSAGE,无信息接收 %.0f 秒
STR_MP_TRANSFER_FILE,接收任务文件 (%d KB / %d KB)
,
STR_DISP_MPSETUP_SIDE,阵营
STR_DISP_MPSETUP_TITLE,多人游戏启动
,
STR_DISP_MULTI_SOCKETS,接口: Sockets
STR_DISP_MULTI_DPLAY,接口: DirectPlay
,
STR_DISP_MPSETUP_ROLES_WEST,West角色:
STR_DISP_MPSETUP_ROLES_EAST,East角色:
STR_DISP_MPSETUP_ROLES_GUERRILA,Res角色:
STR_DISP_MPSETUP_ROLES_CIVILIAN,Civ角色:
,
STR_MSG_CHOOSE_ROLE,选择你的角色
STR_MSG_OK_LAUNCH_GAME,按下OK启动游戏
STR_MSG_OK_READY,"如果就绪,按下OK"
STR_MSG_WAIT_FOR_OTHERS,等待其他人
STR_MSG_WAIT_CONNECTING,连接中...等待服务器
,
STR_UNLOCK_HOST,解锁服务器
STR_LOCK_HOST,上锁服务器
,
STR_DISP_PORT_BUTTON,端口: %d
,
STR_TOOLTIP_DISABLE_AI,禁用AI玩家
STR_TOOLTIP_ENABLE_AI,启用AI玩家
STR_TOOLTIP_DISABLE_ALL_AI,禁用全部AI玩家
STR_TOOLTIP_ENABLE_ALL_AI,启用全部AI玩家
,
STR_SERVER_MONITOR,"服务器负载: FPS %.0f, 内存使用: %.0f MB, 流出: %.0f Kbps, 流入: %.0f Kbps"
,
STR_DISP_OPT_TERRAIN,地表细节:
,
STR_ARCMAP_SHOW_IDS,展示ID
STR_ARCMAP_HIDE_IDS,隐藏ID
STR_ARCMAP_SHOW_TEXTURES,展示贴图
STR_ARCMAP_HIDE_TEXTURES,隐藏贴图
,
STR_CAMPAIGN_DATE,记录日期: %s
STR_CAMPAIGN_DATE_FORMAT,%c
STR_CAMPAIGN_SCORE,分数: %.0f (总数 %.0f)
STR_CAMPAIGN_DURATION,时长: %s (总数 %s)
STR_DURATION_LONG,"%d h, %d min"
STR_DURATION_SHORT,%d min
STR_CAMPAIGN_CASUALTIES,损失: %.0f (总数 %.0f)
STR_DISP_CAMPAIGN_ENEMY,敌人
STR_DISP_CAMPAIGN_FRIENDLY,友军
STR_DISP_CAMPAIGN_CIVILIAN,平民
,
STR_TERRAIN_3_125,非常高
STR_TERRAIN_6_25,高
STR_TERRAIN_12_5,中等
STR_TERRAIN_25,低
STR_TERRAIN_50,非常低
,
STR_ACTION_HANDGUNON,启用手枪
STR_ACTION_HANDGUNOFF,禁用手枪
,
STR_DN_BUS_STOP,公交站
,
STR_USRACT_HANDGUN,切换步枪/手枪
,
STR_DISP_DISCONNECT,断开连接
,
STR_TOOLTIP_INFORMATION,信息
STR_TOOLTIP_FILL_ALL_SLOTS,填充全部空槽
,
STR_MP_KICKED,玩家 %s 被踢了
STR_MP_BANNED,玩家 %s 被禁了
STR_MP_TIMEOUT,与玩家 %s 的连接断开了
,
STR_SKILL_NOVICE,生手
STR_SKILL_ROOKIE,新兵
STR_SKILL_RECRUIT,招募兵
STR_SKILL_VETERAN,老兵
STR_SKILL_EXPERT,专家
,
,
,
COMMENT,
STR_SESSIONS_SOURCE,地址: %s
STR_SESSIONS_INTERNET,互联网
STR_MULTI_TITLE_INTERNET,互联网上的联机游戏
STR_DISP_MULTI_PING,Ping
STR_DISP_MULTI_REFRESH,刷新
STR_DISP_MULTI_FILTER,筛选
STR_DISP_FILTER_TITLE,筛选设置
STR_DISP_FILTER_SERVER,服务器:
,
STR_DISP_FILTER_MISSION,任务:
,
STR_DISP_FILTER_MAXPING,最大 ping:
STR_DISP_FILTER_MINPLAYERS,最小玩家数:
STR_DISP_FILTER_MAXPLAYERS,最大玩家数:
STR_FILTER_FULL,满员服务器数: %s
STR_FILTER_PASSWORDED,带密码的服务器数: %s
STR_DISP_SHOW,展示
STR_DISP_HIDE,隐藏
STR_ACTION_DEACTIVATE_MINE,使地雷无效化
STR_ACTION_TAKE_MINE,拿走地雷
STR_TOOLTIP_DROP,丢弃
STR_MP_LOGGED_OUT,登出
,
STR_CAMPAIGN_KILLS,击杀
STR_MENU_BACKSPACE,退格
STR_TIME_ACC_FORMAT,时间 x %.3f
,
STR_CFG_GRPNAMES_FOX,Fox
,
COMMENT,
STR_USRACT_CHEAT_1,作弊 1
STR_USRACT_CHEAT_2,作弊 2
,
COMMENT,
STR_MP_CONNECTION_LOOSING,与玩家 %s 的连接正在丢失
,
STR_BRIEF_SPECIAL_HANDGUN,手枪
STR_BRIEF_SPECIAL_HANDGUN_MAGAZINES,手枪弹夹
,
COMMENT,
STR_SHOW_PLAYER_NAME,显示目标名字
STR_MAP_SCALE_1,等高线差值
